{"detected_cells_index": [[64, 2], [65, 2], [66, 2], [67, 2], [248, 2], [423, 2], [424, 2], [425, 2], [426, 2], [427, 2], [428, 2], [429, 2], [430, 2], [431, 2], [432, 2], [433, 2], [434, 2], [435, 2], [436, 2], [437, 2], [438, 2], [439, 2], [440, 2], [441, 2], [442, 2], [443, 2], [444, 2], [445, 2], [446, 2], [447, 2], [448, 2], [449, 2], [450, 2], [647, 2], [658, 2], [665, 2], [667, 2], [668, 2], [675, 2], [677, 2], [678, 2], [682, 2], [683, 2], [685, 2], [686, 2], [689, 2], [690, 2], [694, 2], [697, 2], [707, 2], [709, 2], [710, 2], [8, 3], [9, 3], [50, 3], [80, 3], [81, 3], [82, 3], [83, 3], [84, 3], [85, 3], [90, 3], [98, 3], [132, 3], [234, 3], [240, 3], [289, 3], [341, 3], [352, 3], [370, 3], [382, 3], [398, 3], [424, 3], [441, 3], [461, 3], [469, 3], [499, 3], [510, 3], [511, 3], [512, 3], [513, 3], [514, 3], [515, 3], [516, 3], [517, 3], [518, 3], [519, 3], [520, 3], [521, 3], [522, 3], [523, 3], [524, 3], [525, 3], [526, 3], [527, 3], [528, 3], [529, 3], [530, 3], [531, 3], [532, 3], [533, 3], [534, 3], [535, 3], [536, 3], [537, 3], [538, 3], [539, 3], [540, 3], [1, 4], [16, 4], [17, 4], [29, 4], [31, 4], [53, 4], [83, 4], [90, 4], [91, 4], [95, 4], [100, 4], [101, 4], [105, 4], [108, 4], [109, 4], [125, 4], [136, 4], [137, 4], [142, 4], [150, 4], [151, 4], [163, 4], [172, 4], [173, 4], [190, 4], [238, 4], [252, 4], [326, 4], [341, 4], [356, 4], [367, 4], [409, 4], [445, 4], [453, 4], [457, 4], [465, 4], [470, 4], [504, 4], [508, 4], [510, 4], [519, 4], [521, 4], [529, 4], [531, 4], [533, 4], [536, 4], [547, 4], [549, 4], [551, 4], [552, 4], [553, 4], [564, 4], [588, 4], [590, 4], [596, 4], [608, 4], [630, 4], [631, 4], [646, 4], [649, 4], [653, 4], [658, 4], [660, 4], [662, 4], [666, 4], [668, 4], [670, 4], [672, 4], [674, 4], [676, 4], [683, 4], [685, 4], [689, 4], [690, 4], [693, 4], [697, 4], [701, 4], [703, 4], [704, 4], [707, 4], [708, 4], [709, 4], [711, 4], [717, 4], [719, 4], [725, 4], [731, 4], [744, 4], [745, 4], [746, 4], [748, 4], [752, 4], [755, 4], [761, 4], [764, 4], [769, 4], [770, 4], [778, 4], [782, 4], [791, 4], [792, 4], [794, 4], [796, 4], [797, 4], [798, 4], [800, 4], [803, 4], [804, 4], [809, 4], [811, 4], [815, 4], [817, 4], [820, 4], [824, 4], [827, 4], [833, 4], [835, 4], [844, 4], [845, 4], [847, 4], [853, 4], [863, 4], [66, 5], [67, 5], [426, 5], [428, 5], [430, 5], [433, 5], [438, 5], [478, 5], [725, 5], [739, 5], [774, 5], [784, 5], [791, 5]], "precision": 0.3662551440329218, "recall": 0.5741935483870968, "f1": 0.4472361809045226, "dataset_name": "restaurant", "scenario": "scenario", "version": "3"}