ECAR,EAR,ENAR
0.24991316429315735,0.24991316429315735,0.24991316429315735
