ECAR,EAR,ENAR
0.8999220171562257,0.8999220171562257,0.8999220171562257
