{"precision": 0.12816764132553607, "recall": 0.01721316840107337, "repair_recall": 0.017256085558690376, "f1": 0.030350239455311293, "repair_f1": 0.030416931706470828, "detected_errors": 15241.0, "total_errors": 15279.0, "correct_repairs": 263.0, "total_repairs": 2348.0, "total_repairs_grdt": 2052.0, "total_repairs_grdt_correct": 6.0, "total_repairs_grdt_incorrect": 2046.0}