{"precision": 0.029850746268656716, "recall": 0.047619047619047616, "repair_recall": 0.047619047619047616, "f1": 0.03669724770642202, "repair_f1": 0.03669724770642202, "detected_errors": 42.0, "total_errors": 42.0, "correct_repairs": 2.0, "total_repairs": 67.0, "total_repairs_grdt": 67.0, "total_repairs_grdt_correct": 65.0, "total_repairs_grdt_incorrect": 2.0}