{"precision": 0.13157894736842105, "recall": 0.03048780487804878, "repair_recall": 0.06038647342995169, "f1": 0.04950495049504951, "repair_f1": 0.08278145695364239, "detected_errors": 414.0, "total_errors": 820.0, "correct_repairs": 25.0, "total_repairs": 190.0, "total_repairs_grdt": 190.0, "total_repairs_grdt_correct": 30.0, "total_repairs_grdt_incorrect": 160.0}