ECAR,EAR,ENAR
0.899965265717263,0.899965265717263,0.899965265717263
