ECAR,EAR,ENAR
0.2485089463220676,0.2485089463220676,0.2485089463220676
