ECAR,EAR,ENAR
0.24949698189134809,0.24949698189134809,0.24949698189134809
