ECAR,EAR,ENAR
0.749034749034749,0.749034749034749,0.749034749034749
