ECAR,EAR,ENAR
0.09986106286905175,0.09986106286905175,0.09986106286905175
