{"dataset_name": "cars", "scenario": "scenario", "version": "5", "ed_p": 1.0, "ed_r": 1.0, "ed_f": 1.0, "ec_p": 0.026829268292682926, "ec_r": 0.026829268292682926, "ec_f": 0.026829268292682926}