{"dataset_name": "cars", "scenario": "scenario", "version": "9", "ed_p": 1.0, "ed_r": 1.0, "ed_f": 1.0, "ec_p": 0.025609756097560974, "ec_r": 0.025609756097560974, "ec_f": 0.025609756097560978}