{"dataset_name": "beers", "scenario": "missing_ecar", "version": "6", "ed_p": 1.0, "ed_r": 1.0, "ed_f": 1.0, "ec_p": 0.01742320036680422, "ec_r": 0.01742320036680422, "ec_f": 0.01742320036680422}