{"dataset_name": "beers", "scenario": "scenario", "version": "8", "ed_p": 1.0, "ed_r": 1.0, "ed_f": 1.0, "ec_p": 0.008940852819807428, "ec_r": 0.008940852819807428, "ec_f": 0.008940852819807428}