{"dataset_name": "beers", "scenario": "missing_ecar", "version": "8", "ed_p": 1.0, "ed_r": 1.0, "ed_f": 1.0, "ec_p": 0.018569463548830812, "ec_r": 0.018569463548830812, "ec_f": 0.018569463548830812}