{"dataset_name": "cars", "scenario": "missing_ecar", "version": "2", "ed_p": 1.0, "ed_r": 1.0, "ed_f": 1.0, "ec_p": 0.04024390243902439, "ec_r": 0.04024390243902439, "ec_f": 0.04024390243902439}