{"dataset_name": "beers", "scenario": "scenario", "version": "1", "ed_p": 1.0, "ed_r": 1.0, "ed_f": 1.0, "ec_p": 0.014442916093535076, "ec_r": 0.014442916093535076, "ec_f": 0.014442916093535076}