{"dataset_name": "restaurant", "scenario": "scenario", "version": "8", "ed_p": 1.0, "ed_r": 1.0, "ed_f": 1.0, "ec_p": 0.08387096774193549, "ec_r": 0.08387096774193549, "ec_f": 0.08387096774193549}