{"dataset_name": "bridges", "scenario": "scenario", "version": "6", "ed_p": 1.0, "ed_r": 1.0, "ed_f": 1.0, "ec_p": 0.42857142857142855, "ec_r": 0.42857142857142855, "ec_f": 0.42857142857142855}