{"dataset_name": "beers", "scenario": "missing_ecar", "version": "2", "ed_p": 1.0, "ed_r": 1.0, "ed_f": 1.0, "ec_p": 0.017881705639614855, "ec_r": 0.017881705639614855, "ec_f": 0.017881705639614855}