{"dataset_name": "beers", "scenario": "scenario", "version": "2", "ed_p": 1.0, "ed_r": 1.0, "ed_f": 1.0, "ec_p": 0.010774873911049978, "ec_r": 0.010774873911049978, "ec_f": 0.010774873911049978}