{"dataset_name": "cars", "scenario": "scenario", "version": "8", "ed_p": 1.0, "ed_r": 1.0, "ed_f": 1.0, "ec_p": 0.023170731707317073, "ec_r": 0.023170731707317073, "ec_f": 0.023170731707317073}