{"dataset_name": "beers", "scenario": "missing_ecar", "version": "4", "ed_p": 1.0, "ed_r": 1.0, "ed_f": 1.0, "ec_p": 0.022925263640531865, "ec_r": 0.022925263640531865, "ec_f": 0.022925263640531865}