{"dataset_name": "beers", "scenario": "scenario", "version": "7", "ed_p": 1.0, "ed_r": 1.0, "ed_f": 1.0, "ec_p": 0.010087116001834021, "ec_r": 0.010087116001834021, "ec_f": 0.010087116001834021}