{"dataset_name": "cars", "scenario": "missing_ecar", "version": "1", "ed_p": 1.0, "ed_r": 1.0, "ed_f": 1.0, "ec_p": 0.02926829268292683, "ec_r": 0.02926829268292683, "ec_f": 0.02926829268292683}