{"dataset_name": "beers", "scenario": "original", "version": "0", "ed_p": 1.0, "ed_r": 1.0, "ed_f": 1.0, "ec_p": 0.028894846589216563, "ec_r": 0.028894846589216563, "ec_f": 0.028894846589216563}