{"dataset_name": "restaurant", "scenario": "scenario", "version": "9", "ed_p": 1.0, "ed_r": 1.0, "ed_f": 1.0, "ec_p": 0.07096774193548387, "ec_r": 0.07096774193548387, "ec_f": 0.07096774193548387}