{"dataset_name": "bridges", "scenario": "scenario", "version": "2", "ed_p": 1.0, "ed_r": 1.0, "ed_f": 1.0, "ec_p": 0.19047619047619047, "ec_r": 0.19047619047619047, "ec_f": 0.19047619047619047}