{"dataset_name": "beers", "scenario": "scenario", "version": "9", "ed_p": 1.0, "ed_r": 1.0, "ed_f": 1.0, "ec_p": 0.01535992663915635, "ec_r": 0.01535992663915635, "ec_f": 0.01535992663915635}