{"dataset_name": "beers", "scenario": "scenario", "version": "3", "ed_p": 1.0, "ed_r": 1.0, "ed_f": 1.0, "ec_p": 0.01581843191196699, "ec_r": 0.01581843191196699, "ec_f": 0.01581843191196699}