{"dataset_name": "beers", "scenario": "missing_ecar", "version": "5", "ed_p": 1.0, "ed_r": 1.0, "ed_f": 1.0, "ec_p": 0.016964695093993582, "ec_r": 0.016964695093993582, "ec_f": 0.016964695093993582}