{"dataset_name": "cars", "scenario": "missing_ecar", "version": "8", "ed_p": 1.0, "ed_r": 1.0, "ed_f": 1.0, "ec_p": 0.03902439024390244, "ec_r": 0.03902439024390244, "ec_f": 0.03902439024390244}