{"dataset_name": "cars", "scenario": "scenario", "version": "6", "ed_p": 1.0, "ed_r": 1.0, "ed_f": 1.0, "ec_p": 0.020731707317073172, "ec_r": 0.020731707317073172, "ec_f": 0.020731707317073172}