{"dataset_name": "bridges", "scenario": "scenario", "version": "7", "ed_p": 1.0, "ed_r": 1.0, "ed_f": 1.0, "ec_p": 0.47619047619047616, "ec_r": 0.47619047619047616, "ec_f": 0.47619047619047616}