{"dataset_name": "restaurant", "scenario": "missing_ecar", "version": "2", "ed_p": 1.0, "ed_r": 1.0, "ed_f": 1.0, "ec_p": 0.12258064516129032, "ec_r": 0.12258064516129032, "ec_f": 0.12258064516129032}