{"dataset_name": "cars", "scenario": "scenario", "version": "3", "ed_p": 1.0, "ed_r": 1.0, "ed_f": 1.0, "ec_p": 0.02804878048780488, "ec_r": 0.02804878048780488, "ec_f": 0.02804878048780488}