{"dataset_name": "bridges", "scenario": "missing_ecar", "version": "2", "ed_p": 1.0, "ed_r": 1.0, "ed_f": 1.0, "ec_p": 0.41025641025641024, "ec_r": 0.41025641025641024, "ec_f": 0.41025641025641024}