{"dataset_name": "cars", "scenario": "missing_ecar", "version": "0", "ed_p": 1.0, "ed_r": 1.0, "ed_f": 1.0, "ec_p": 0.042682926829268296, "ec_r": 0.042682926829268296, "ec_f": 0.042682926829268296}