{"dataset_name": "bridges", "scenario": "scenario", "version": "4", "ed_p": 1.0, "ed_r": 1.0, "ed_f": 1.0, "ec_p": 0.3333333333333333, "ec_r": 0.3333333333333333, "ec_f": 0.3333333333333333}