{"dataset_name": "restaurant", "scenario": "missing_ecar", "version": "5", "ed_p": 1.0, "ed_r": 1.0, "ed_f": 1.0, "ec_p": 0.09032258064516129, "ec_r": 0.09032258064516129, "ec_f": 0.09032258064516129}