{"dataset_name": "beers", "scenario": "scenario", "version": "4", "ed_p": 1.0, "ed_r": 1.0, "ed_f": 1.0, "ec_p": 0.0050435580009170105, "ec_r": 0.0050435580009170105, "ec_f": 0.0050435580009170105}