ECAR,EAR,ENAR
0.8996138996138996,0.8996138996138996,0.8996138996138996
