ECAR,EAR,ENAR
0.0992063492063492,0.0992063492063492,0.0992063492063492
