ECAR,EAR,ENAR
0.7495029821073559,0.7495029821073559,0.7495029821073559
