ECAR,EAR,ENAR
0.24963645176926805,0.24963645176926805,0.24963645176926805
