ECAR,EAR,ENAR
0.09845559845559845,0.09845559845559845,0.09845559845559845
