ECAR,EAR,ENAR
0.7498788172564227,0.7498788172564227,0.7498788172564227
