ECAR,EAR,ENAR
0.24705882352941178,0.24705882352941178,0.24705882352941178
