{"precision": 0.2946645109135004, "recall": 0.04775004912556494, "repair_recall": 0.047872340425531915, "f1": 0.08218251507806774, "repair_f1": 0.08236357473731781, "detected_errors": 15228.0, "total_errors": 15267.0, "correct_repairs": 729.0, "total_repairs": 2785.0, "total_repairs_grdt": 2474.0, "total_repairs_grdt_correct": 6.0, "total_repairs_grdt_incorrect": 2468.0}