{"precision": 0.02702702702702703, "recall": 0.05, "repair_recall": 0.05, "f1": 0.03508771929824561, "repair_f1": 0.03508771929824561, "detected_errors": 40.0, "total_errors": 40.0, "correct_repairs": 2.0, "total_repairs": 74.0, "total_repairs_grdt": 74.0, "total_repairs_grdt_correct": 72.0, "total_repairs_grdt_incorrect": 2.0}