{"precision": 0.04081632653061224, "recall": 0.047619047619047616, "repair_recall": 0.047619047619047616, "f1": 0.04395604395604395, "repair_f1": 0.04395604395604395, "detected_errors": 42.0, "total_errors": 42.0, "correct_repairs": 2.0, "total_repairs": 49.0, "total_repairs_grdt": 49.0, "total_repairs_grdt_correct": 46.0, "total_repairs_grdt_incorrect": 3.0}