{"precision": 0.19047619047619047, "recall": 0.1, "repair_recall": 0.1, "f1": 0.1311475409836066, "repair_f1": 0.1311475409836066, "detected_errors": 40.0, "total_errors": 40.0, "correct_repairs": 4.0, "total_repairs": 21.0, "total_repairs_grdt": 21.0, "total_repairs_grdt_correct": 15.0, "total_repairs_grdt_incorrect": 6.0}