{"precision": 0.14285714285714285, "recall": 0.023809523809523808, "repair_recall": 0.024390243902439025, "f1": 0.04081632653061224, "repair_f1": 0.04166666666666667, "detected_errors": 41.0, "total_errors": 42.0, "correct_repairs": 1.0, "total_repairs": 7.0, "total_repairs_grdt": 7.0, "total_repairs_grdt_correct": 6.0, "total_repairs_grdt_incorrect": 1.0}