{"precision": 0.375, "recall": 0.14285714285714285, "repair_recall": 0.14285714285714285, "f1": 0.20689655172413796, "repair_f1": 0.20689655172413796, "detected_errors": 42.0, "total_errors": 42.0, "correct_repairs": 6.0, "total_repairs": 16.0, "total_repairs_grdt": 16.0, "total_repairs_grdt_correct": 10.0, "total_repairs_grdt_incorrect": 6.0}