{"precision": 0.043478260869565216, "recall": 0.023809523809523808, "repair_recall": 0.024390243902439025, "f1": 0.030769230769230767, "repair_f1": 0.03125000000000001, "detected_errors": 41.0, "total_errors": 42.0, "correct_repairs": 1.0, "total_repairs": 23.0, "total_repairs_grdt": 23.0, "total_repairs_grdt_correct": 22.0, "total_repairs_grdt_incorrect": 1.0}