{"precision": 0.03187250996015936, "recall": 0.01951219512195122, "repair_recall": 0.03864734299516908, "f1": 0.024205748865355523, "repair_f1": 0.034934497816593885, "detected_errors": 414.0, "total_errors": 820.0, "correct_repairs": 16.0, "total_repairs": 502.0, "total_repairs_grdt": 502.0, "total_repairs_grdt_correct": 350.0, "total_repairs_grdt_incorrect": 152.0}