{"precision": 0.12903225806451613, "recall": 0.00975609756097561, "repair_recall": 0.00975609756097561, "f1": 0.018140589569160998, "repair_f1": 0.018140589569160998, "detected_errors": 820.0, "total_errors": 820.0, "correct_repairs": 8.0, "total_repairs": 62.0, "total_repairs_grdt": 62.0, "total_repairs_grdt_correct": 53.0, "total_repairs_grdt_incorrect": 9.0}