{"precision": 0.15384615384615385, "recall": 0.0024390243902439024, "repair_recall": 0.0024390243902439024, "f1": 0.004801920768307323, "repair_f1": 0.004801920768307323, "detected_errors": 820.0, "total_errors": 820.0, "correct_repairs": 2.0, "total_repairs": 13.0, "total_repairs_grdt": 13.0, "total_repairs_grdt_correct": 11.0, "total_repairs_grdt_incorrect": 2.0}