{"precision": 0.09090909090909091, "recall": 0.00853658536585366, "repair_recall": 0.016908212560386472, "f1": 0.01560758082497213, "repair_f1": 0.0285132382892057, "detected_errors": 414.0, "total_errors": 820.0, "correct_repairs": 7.0, "total_repairs": 77.0, "total_repairs_grdt": 77.0, "total_repairs_grdt_correct": 59.0, "total_repairs_grdt_incorrect": 18.0}