{"precision": 0.05555555555555555, "recall": 0.03048780487804878, "repair_recall": 0.06038647342995169, "f1": 0.03937007874015748, "repair_f1": 0.05787037037037037, "detected_errors": 414.0, "total_errors": 820.0, "correct_repairs": 25.0, "total_repairs": 450.0, "total_repairs_grdt": 450.0, "total_repairs_grdt_correct": 282.0, "total_repairs_grdt_incorrect": 168.0}