{"precision": 0.3134054274637829, "recall": 0.312258589144135, "repair_recall": 0.312258589144135, "f1": 0.3128309572301426, "repair_f1": 0.3128309572301426, "detected_errors": 4919.0, "total_errors": 4919.0, "correct_repairs": 1536.0, "total_repairs": 4901.0, "total_repairs_grdt": 4901.0, "total_repairs_grdt_correct": 3365.0, "total_repairs_grdt_incorrect": 1536.0}