{"precision": 0.31275805119735756, "recall": 0.30798942874568, "repair_recall": 0.30798942874568, "f1": 0.31035542353784695, "repair_f1": 0.31035542353784695, "detected_errors": 4919.0, "total_errors": 4919.0, "correct_repairs": 1515.0, "total_repairs": 4844.0, "total_repairs_grdt": 4844.0, "total_repairs_grdt_correct": 3329.0, "total_repairs_grdt_incorrect": 1515.0}