{"precision": 0.32368788664937137, "recall": 0.32974181744256964, "repair_recall": 0.32974181744256964, "f1": 0.32668680765357505, "repair_f1": 0.32668680765357505, "detected_errors": 4919.0, "total_errors": 4919.0, "correct_repairs": 1622.0, "total_repairs": 5011.0, "total_repairs_grdt": 5011.0, "total_repairs_grdt_correct": 3389.0, "total_repairs_grdt_incorrect": 1622.0}