{"precision": 0.125, "recall": 0.14285714285714285, "repair_recall": 0.14285714285714285, "f1": 0.13333333333333333, "repair_f1": 0.13333333333333333, "detected_errors": 7.0, "total_errors": 7.0, "correct_repairs": 1.0, "total_repairs": 43.0, "total_repairs_grdt": 8.0, "total_repairs_grdt_correct": 7.0, "total_repairs_grdt_incorrect": 1.0}