{"algorithm": "holoclean", "dataset_name": "beers", "dataset_scenario": "missing_ecar", "dataset_version": "3", "precision": 0.4860635696821516, "recall": 0.06512054507337527, "repair_recall": 0.06512054507337527, "f1": 0.11485354439886764, "repair_f1": 0.11485354439886764, "detected_errors": 15264.0, "total_errors": 15264.0, "correct_repairs": 994.0, "total_repairs": 2450.0, "total_repairs_grdt": 2045.0, "total_repairs_grdt_correct": 0, "total_repairs_grdt_incorrect": 2045.0}