{"algorithm": "holoclean", "dataset_name": "beers", "dataset_scenario": "missing_ecar", "dataset_version": "4", "precision": 0.4542483660130719, "recall": 0.018211595152309204, "repair_recall": 0.018211595152309204, "f1": 0.03501921017824527, "repair_f1": 0.03501921017824527, "detected_errors": 15265.0, "total_errors": 15265.0, "correct_repairs": 278.0, "total_repairs": 1017.0, "total_repairs_grdt": 612.0, "total_repairs_grdt_correct": 0, "total_repairs_grdt_incorrect": 612.0}