{"algorithm": "holoclean", "dataset_name": "beers", "dataset_scenario": "missing_ecar", "dataset_version": "2", "precision": 0.43471337579617836, "recall": 0.017872340425531916, "repair_recall": 0.017872340425531916, "f1": 0.0343331446896812, "repair_f1": 0.0343331446896812, "detected_errors": 15275.0, "total_errors": 15275.0, "correct_repairs": 273.0, "total_repairs": 1050.0, "total_repairs_grdt": 628.0, "total_repairs_grdt_correct": 0, "total_repairs_grdt_incorrect": 628.0}