{"algorithm": "holoclean", "dataset_name": "beers", "dataset_scenario": "missing_ecar", "dataset_version": "9", "precision": 0.3038728897715988, "recall": 0.04006546644844517, "repair_recall": 0.04007596097177657, "f1": 0.07079646017699115, "repair_f1": 0.07081284350592999, "detected_errors": 15271.0, "total_errors": 15275.0, "correct_repairs": 612.0, "total_repairs": 2435.0, "total_repairs_grdt": 2014.0, "total_repairs_grdt_correct": 1.0, "total_repairs_grdt_incorrect": 2013.0}