{"algorithm": "holoclean", "dataset_name": "beers", "dataset_scenario": "missing_ecar", "dataset_version": "1", "precision": 0.5058505850585059, "recall": 0.03683313671516582, "repair_recall": 0.0368355508946713, "f1": 0.06866638157492821, "repair_f1": 0.06867057673509287, "detected_errors": 15257.0, "total_errors": 15258.0, "correct_repairs": 562.0, "total_repairs": 1516.0, "total_repairs_grdt": 1111.0, "total_repairs_grdt_correct": 0, "total_repairs_grdt_incorrect": 1111.0}