{"algorithm": "holoclean", "dataset_name": "beers", "dataset_scenario": "missing_ecar", "dataset_version": "8", "precision": 0.5587102983638114, "recall": 0.07603143418467584, "repair_recall": 0.07605135595440848, "f1": 0.13384828222273462, "repair_f1": 0.1338791512915129, "detected_errors": 15266.0, "total_errors": 15270.0, "correct_repairs": 1161.0, "total_repairs": 2483.0, "total_repairs_grdt": 2078.0, "total_repairs_grdt_correct": 0, "total_repairs_grdt_incorrect": 2078.0}