{"algorithm": "holoclean", "dataset_name": "beers", "dataset_scenario": "missing_ecar", "dataset_version": "6", "precision": 0.29172714078374457, "recall": 0.01318724576827188, "repair_recall": 0.013203704920186559, "f1": 0.025233820852426085, "repair_f1": 0.025263951734539967, "detected_errors": 15223.0, "total_errors": 15242.0, "correct_repairs": 201.0, "total_repairs": 1337.0, "total_repairs_grdt": 689.0, "total_repairs_grdt_correct": 0, "total_repairs_grdt_incorrect": 689.0}