{"algorithm": "holoclean", "dataset_name": "beers", "dataset_scenario": "missing_ecar", "dataset_version": "0", "precision": 0.2923433874709977, "recall": 0.00825039287585123, "repair_recall": 0.00825039287585123, "f1": 0.01604788893841941, "repair_f1": 0.01604788893841941, "detected_errors": 15272.0, "total_errors": 15272.0, "correct_repairs": 126.0, "total_repairs": 851.0, "total_repairs_grdt": 431.0, "total_repairs_grdt_correct": 0, "total_repairs_grdt_incorrect": 431.0}