{"algorithm": "holoclean", "dataset_name": "beers", "dataset_scenario": "missing_ecar", "dataset_version": "5", "precision": 0.29471316085489313, "recall": 0.017164570230607967, "repair_recall": 0.017164570230607967, "f1": 0.03243979446542438, "repair_f1": 0.03243979446542438, "detected_errors": 15264.0, "total_errors": 15264.0, "correct_repairs": 262.0, "total_repairs": 1323.0, "total_repairs_grdt": 889.0, "total_repairs_grdt_correct": 0, "total_repairs_grdt_incorrect": 889.0}