{"algorithm": "holoclean", "dataset_name": "beers", "dataset_scenario": "missing_ecar", "dataset_version": "7", "precision": 0.3027295285359802, "recall": 0.01596963152038746, "repair_recall": 0.01596963152038746, "f1": 0.030338824992228786, "repair_f1": 0.030338824992228786, "detected_errors": 15279.0, "total_errors": 15279.0, "correct_repairs": 244.0, "total_repairs": 1250.0, "total_repairs_grdt": 806.0, "total_repairs_grdt_correct": 0, "total_repairs_grdt_incorrect": 806.0}