{"algorithm": "holoclean", "dataset_name": "hospital", "dataset_scenario": "missing_ecar", "dataset_version": "3", "precision": 0.9972677595628415, "recall": 0.7170923379174853, "repair_recall": 0.8021978021978022, "f1": 0.8342857142857143, "repair_f1": 0.8891595615103531, "detected_errors": 455.0, "total_errors": 509.0, "correct_repairs": 365.0, "total_repairs": 366.0, "total_repairs_grdt": 366.0, "total_repairs_grdt_correct": 1.0, "total_repairs_grdt_incorrect": 365.0}