{"algorithm": "holoclean", "dataset_name": "hospital", "dataset_scenario": "scenario", "dataset_version": "3", "precision": 0.986013986013986, "recall": 0.28087649402390436, "repair_recall": 0.3219178082191781, "f1": 0.43720930232558136, "repair_f1": 0.48537005163511193, "detected_errors": 438.0, "total_errors": 502.0, "correct_repairs": 141.0, "total_repairs": 143.0, "total_repairs_grdt": 143.0, "total_repairs_grdt_correct": 0, "total_repairs_grdt_incorrect": 143.0}