{"algorithm": "holoclean", "dataset_name": "hospital", "dataset_scenario": "missing_ecar", "dataset_version": "0", "precision": 0.9833887043189369, "recall": 0.581532416502947, "repair_recall": 0.6534216335540839, "f1": 0.7308641975308642, "repair_f1": 0.7851458885941645, "detected_errors": 453.0, "total_errors": 509.0, "correct_repairs": 296.0, "total_repairs": 301.0, "total_repairs_grdt": 301.0, "total_repairs_grdt_correct": 5.0, "total_repairs_grdt_incorrect": 296.0}