{"algorithm": "holoclean", "dataset_name": "hospital", "dataset_scenario": "scenario", "dataset_version": "4", "precision": 0.9602272727272727, "recall": 0.3353174603174603, "repair_recall": 0.37142857142857144, "f1": 0.4970588235294118, "repair_f1": 0.5356576862123613, "detected_errors": 455.0, "total_errors": 504.0, "correct_repairs": 169.0, "total_repairs": 176.0, "total_repairs_grdt": 176.0, "total_repairs_grdt_correct": 1.0, "total_repairs_grdt_incorrect": 175.0}