{"algorithm": "holoclean", "dataset_name": "hospital", "dataset_scenario": "missing_ecar", "dataset_version": "6", "precision": 0.9971830985915493, "recall": 0.6954813359528488, "repair_recall": 0.7814569536423841, "f1": 0.8194444444444445, "repair_f1": 0.8762376237623761, "detected_errors": 453.0, "total_errors": 509.0, "correct_repairs": 354.0, "total_repairs": 355.0, "total_repairs_grdt": 355.0, "total_repairs_grdt_correct": 1.0, "total_repairs_grdt_incorrect": 354.0}