{"algorithm": "holoclean", "dataset_name": "hospital", "dataset_scenario": "missing_ecar", "dataset_version": "4", "precision": 0.9784366576819407, "recall": 0.7131630648330058, "repair_recall": 0.7995594713656388, "f1": 0.8249999999999998, "repair_f1": 0.8799999999999999, "detected_errors": 454.0, "total_errors": 509.0, "correct_repairs": 363.0, "total_repairs": 371.0, "total_repairs_grdt": 371.0, "total_repairs_grdt_correct": 8.0, "total_repairs_grdt_incorrect": 363.0}