{"algorithm": "holoclean", "dataset_name": "hospital", "dataset_scenario": "missing_ecar", "dataset_version": "9", "precision": 0.971830985915493, "recall": 0.6777996070726916, "repair_recall": 0.7599118942731278, "f1": 0.7986111111111112, "repair_f1": 0.8529048207663783, "detected_errors": 454.0, "total_errors": 509.0, "correct_repairs": 345.0, "total_repairs": 355.0, "total_repairs_grdt": 355.0, "total_repairs_grdt_correct": 10.0, "total_repairs_grdt_incorrect": 345.0}