{"algorithm": "holoclean", "dataset_name": "hospital", "dataset_scenario": "scenario", "dataset_version": "0", "precision": 0.823943661971831, "recall": 0.23076923076923078, "repair_recall": 0.2571428571428571, "f1": 0.3605546995377504, "repair_f1": 0.39195979899497485, "detected_errors": 455.0, "total_errors": 507.0, "correct_repairs": 117.0, "total_repairs": 142.0, "total_repairs_grdt": 142.0, "total_repairs_grdt_correct": 0, "total_repairs_grdt_incorrect": 142.0}