{"algorithm": "holoclean", "dataset_name": "hospital", "dataset_scenario": "scenario", "dataset_version": "7", "precision": 0.9605263157894737, "recall": 0.29025844930417494, "repair_recall": 0.3244444444444444, "f1": 0.44580152671755724, "repair_f1": 0.4850498338870432, "detected_errors": 450.0, "total_errors": 503.0, "correct_repairs": 146.0, "total_repairs": 152.0, "total_repairs_grdt": 152.0, "total_repairs_grdt_correct": 0, "total_repairs_grdt_incorrect": 152.0}