ECAR,EAR,ENAR
0.09779179810725552,0.09779179810725552,0.09779179810725552
