ECAR,EAR,ENAR
0.8990536277602523,0.8990536277602523,0.8990536277602523
