ECAR,EAR,ENAR
0.09940357852882704,0.09940357852882704,0.09940357852882704
