ECAR,EAR,ENAR
0.09803921568627451,0.09803921568627451,0.09803921568627451
