ECAR,EAR,ENAR
0.7499350142968547,0.7499350142968547,0.7499350142968547
