ECAR,EAR,ENAR
0.7490196078431373,0.7490196078431373,0.7490196078431373
