ECAR,EAR,ENAR
0.8986083499005965,0.8986083499005965,0.8986083499005965
