ECAR,EAR,ENAR
0.09859154929577464,0.09859154929577464,0.09859154929577464
