ECAR,EAR,ENAR
0.49899396378269617,0.49899396378269617,0.49899396378269617
