ECAR,EAR,ENAR
0.4998700285937094,0.4998700285937094,0.4998700285937094
