ECAR,EAR,ENAR
0.8998015873015873,0.8998015873015873,0.8998015873015873
