ECAR,EAR,ENAR
0.09975961538461539,0.09975961538461539,0.09975961538461539
