ECAR,EAR,ENAR
0.09994015559545183,0.09994015559545183,0.09994015559545183
