ECAR,EAR,ENAR
0.24980504289056407,0.24980504289056407,0.24980504289056407
