ECAR,EAR,ENAR
0.8996394230769231,0.8996394230769231,0.8996394230769231
