ECAR,EAR,ENAR
0.2495511669658887,0.2495511669658887,0.2495511669658887
