ECAR,EAR,ENAR
0.7476340694006309,0.7476340694006309,0.7476340694006309
