ECAR,EAR,ENAR
0.7499131642931574,0.7499131642931574,0.7499131642931574
