ECAR,EAR,ENAR
0.09940652818991098,0.09940652818991098,0.09940652818991098
