{"precision": 0.8461538461538461, "recall": 0.021696252465483234, "repair_recall": 0.033950617283950615, "f1": 0.0423076923076923, "repair_f1": 0.06528189910979228, "detected_errors": 324.0, "total_errors": 507.0, "correct_repairs": 11.0, "total_repairs": 13.0, "total_repairs_grdt": 13.0, "total_repairs_grdt_correct": 2.0, "total_repairs_grdt_incorrect": 11.0}