{"precision": 0.75, "recall": 0.0658682634730539, "repair_recall": 0.1952662721893491, "f1": 0.12110091743119267, "repair_f1": 0.30985915492957744, "detected_errors": 169.0, "total_errors": 501.0, "correct_repairs": 33.0, "total_repairs": 44.0, "total_repairs_grdt": 44.0, "total_repairs_grdt_correct": 11.0, "total_repairs_grdt_incorrect": 33.0}