{"precision": 0.3181818181818182, "recall": 0.020289855072463767, "repair_recall": 0.04142011834319527, "f1": 0.03814713896457765, "repair_f1": 0.07329842931937174, "detected_errors": 169.0, "total_errors": 345.0, "correct_repairs": 7.0, "total_repairs": 22.0, "total_repairs_grdt": 22.0, "total_repairs_grdt_correct": 15.0, "total_repairs_grdt_incorrect": 7.0}