{"precision": 0.4, "recall": 0.0039447731755424065, "repair_recall": 0.004514672686230248, "f1": 0.0078125, "repair_f1": 0.008928571428571428, "detected_errors": 443.0, "total_errors": 507.0, "correct_repairs": 2.0, "total_repairs": 5.0, "total_repairs_grdt": 5.0, "total_repairs_grdt_correct": 3.0, "total_repairs_grdt_incorrect": 2.0}