{"precision": 0.05555555555555555, "recall": 0.0019723865877712033, "repair_recall": 0.005917159763313609, "f1": 0.0038095238095238095, "repair_f1": 0.0106951871657754, "detected_errors": 169.0, "total_errors": 507.0, "correct_repairs": 1.0, "total_repairs": 18.0, "total_repairs_grdt": 18.0, "total_repairs_grdt_correct": 17.0, "total_repairs_grdt_incorrect": 1.0}