{"precision": 0.9333333333333333, "recall": 0.055226824457593686, "repair_recall": 0.0875, "f1": 0.1042830540037244, "repair_f1": 0.16, "detected_errors": 320.0, "total_errors": 507.0, "correct_repairs": 28.0, "total_repairs": 30.0, "total_repairs_grdt": 30.0, "total_repairs_grdt_correct": 2.0, "total_repairs_grdt_incorrect": 28.0}