ECAR,EAR,ENAR
0.09985458070770722,0.09985458070770722,0.09985458070770722
