ECAR,EAR,ENAR
0.8996606883179835,0.8996606883179835,0.8996606883179835
