ECAR,EAR,ENAR
0.49970077797725915,0.49970077797725915,0.49970077797725915
