{"dataset_name": "bridges", "scenario": "scenario", "version": "0", "ed_p": 1.0, "ed_r": 1.0, "ed_f": 1.0, "ec_p": 0.38095238095238093, "ec_r": 0.38095238095238093, "ec_f": 0.38095238095238093}