{"dataset_name": "restaurant", "scenario": "scenario", "version": "5", "ed_p": 1.0, "ed_r": 1.0, "ed_f": 1.0, "ec_p": 0.05806451612903226, "ec_r": 0.05806451612903226, "ec_f": 0.05806451612903226}