{"dataset_name": "restaurant", "scenario": "scenario", "version": "7", "ed_p": 1.0, "ed_r": 1.0, "ed_f": 1.0, "ec_p": 0.0064516129032258064, "ec_r": 0.0064516129032258064, "ec_f": 0.0064516129032258064}