ECAR,EAR,ENAR
0.24921135646687698,0.24921135646687698,0.24921135646687698
