ECAR,EAR,ENAR
0.8993963782696177,0.8993963782696177,0.8993963782696177
