ECAR,EAR,ENAR
0.49842271293375395,0.49842271293375395,0.49842271293375395
