ECAR,EAR,ENAR
0.4997576345128454,0.4997576345128454,0.4997576345128454
