ECAR,EAR,ENAR
0.09981804003119314,0.09981804003119314,0.09981804003119314
