ECAR,EAR,ENAR
0.8980392156862745,0.8980392156862745,0.8980392156862745
