{"dataset_name": "bridges", "scenario": "scenario", "version": "8", "ed_p": 1.0, "ed_r": 1.0, "ed_f": 1.0, "ec_p": 0.40476190476190477, "ec_r": 0.40476190476190477, "ec_f": 0.40476190476190477}