{"dataset_name": "restaurant", "scenario": "scenario", "version": "6", "ed_p": 1.0, "ed_r": 1.0, "ed_f": 1.0, "ec_p": 0.01935483870967742, "ec_r": 0.01935483870967742, "ec_f": 0.01935483870967742}