{"dataset_name": "restaurant", "scenario": "missing_ecar", "version": "6", "ed_p": 1.0, "ed_r": 1.0, "ed_f": 1.0, "ec_p": 0.11612903225806452, "ec_r": 0.11612903225806452, "ec_f": 0.11612903225806452}