ECAR,EAR,ENAR
0.7498503889886295,0.7498503889886295,0.7498503889886295
