ECAR,EAR,ENAR
0.8998516320474778,0.8998516320474778,0.8998516320474778
