ECAR,EAR,ENAR
0.4980392156862745,0.4980392156862745,0.4980392156862745
