ECAR,EAR,ENAR
0.4990059642147117,0.4990059642147117,0.4990059642147117
