ECAR,EAR,ENAR
0.7484909456740443,0.7484909456740443,0.7484909456740443
