ECAR,EAR,ENAR
0.8994614003590664,0.8994614003590664,0.8994614003590664
