ECAR,EAR,ENAR
0.24903474903474904,0.24903474903474904,0.24903474903474904
